{
  "experiment": "E0_text_only",
  "best": {
    "threshold": 0.5427034713584672,
    "precision_at_thr": 0.9277310924369748,
    "recall_at_thr": 0.9004893964110929,
    "f1_plus_at_thr": 0.9139072847682114,
    "average_precision": 0.9584999944494007,
    "roc_auc": 0.9819940870146524,
    "test_size": 0.2,
    "n_test": 3922,
    "n_train": 15688,
    "class_distribution_test": {
      "ham": 3309,
      "phishing": 613
    },
    "class_distribution_train": {
      "ham": 13236,
      "phishing": 2452
    },
    "tp": 552,
    "fp": 44,
    "tn": 3265,
    "fn": 61,
    "recall_floor": 0.9
  },
  "report": {
    "ham": {
      "precision": 0.9816596512327119,
      "recall": 0.9867029313992143,
      "f1-score": 0.984174830444612,
      "support": 3309.0
    },
    "phishing": {
      "precision": 0.9261744966442953,
      "recall": 0.9004893964110929,
      "f1-score": 0.913151364764268,
      "support": 613.0
    },
    "accuracy": 0.9732279449260581,
    "macro avg": {
      "precision": 0.9539170739385037,
      "recall": 0.9435961639051536,
      "f1-score": 0.9486630976044399,
      "support": 3922.0
    },
    "weighted avg": {
      "precision": 0.9729874432361031,
      "recall": 0.9732279449260581,
      "f1-score": 0.9730740184961033,
      "support": 3922.0
    }
  }
}