{
  "experiment": "E4_text_only_LinearSVC",
  "best": {
    "threshold": 0.07074727683581711,
    "precision_at_thr": 0.965034965034965,
    "recall_at_thr": 0.9004893964110929,
    "f1_plus_at_thr": 0.9316455696202526,
    "average_precision": 0.9688444007219286,
    "roc_auc": 0.9854297710973632,
    "test_size": 0.2,
    "n_test": 3922,
    "n_train": 15688,
    "class_distribution_test": {
      "ham": 3309,
      "phishing": 613
    },
    "class_distribution_train": {
      "ham": 13236,
      "phishing": 2452
    },
    "tp": 552,
    "fp": 21,
    "tn": 3288,
    "fn": 61,
    "recall_floor": 0.9
  },
  "report": {
    "ham": {
      "precision": 0.9817856076440729,
      "recall": 0.9936536718041704,
      "f1-score": 0.9876839891859417,
      "support": 3309.0
    },
    "phishing": {
      "precision": 0.9633507853403142,
      "recall": 0.9004893964110929,
      "f1-score": 0.9308600337268128,
      "support": 613.0
    },
    "accuracy": 0.9790922998470168,
    "macro avg": {
      "precision": 0.9725681964921935,
      "recall": 0.9470715341076317,
      "f1-score": 0.9592720114563773,
      "support": 3922.0
    },
    "weighted avg": {
      "precision": 0.9789042853411141,
      "recall": 0.9790922998470168,
      "f1-score": 0.978802529548908,
      "support": 3922.0
    }
  }
}