{
  "experiment": "E5_embeddings_MiniLM_LR",
  "best": {
    "threshold": 0.38887001509857705,
    "precision_at_thr": 0.6456140350877193,
    "recall_at_thr": 0.9004893964110929,
    "f1_plus_at_thr": 0.7520435967302447,
    "average_precision": 0.9029015336023329,
    "roc_auc": 0.9600984412968339,
    "test_size": 0.2,
    "n_test": 3922,
    "n_train": 15688,
    "class_distribution_test": {
      "ham": 3309,
      "phishing": 613
    },
    "class_distribution_train": {
      "ham": 13236,
      "phishing": 2452
    },
    "tp": 552,
    "fp": 304,
    "tn": 3005,
    "fn": 61,
    "recall_floor": 0.9
  },
  "report": {
    "ham": {
      "precision": 0.9801043705153294,
      "recall": 0.908129344212753,
      "f1-score": 0.9427450980392157,
      "support": 3309.0
    },
    "phishing": {
      "precision": 0.6448598130841121,
      "recall": 0.9004893964110929,
      "f1-score": 0.7515316541865215,
      "support": 613.0
    },
    "accuracy": 0.9069352371239163,
    "macro avg": {
      "precision": 0.8124820917997208,
      "recall": 0.9043093703119229,
      "f1-score": 0.8471383761128686,
      "support": 3922.0
    },
    "weighted avg": {
      "precision": 0.9277063812992825,
      "recall": 0.9069352371239163,
      "f1-score": 0.9128588560500006,
      "support": 3922.0
    }
  }
}